Buzzshare,Home,6 Atwood Pass,Newton,Scotland,IV10 8AG,0267 682 1503
Browsedrive,Computers,5769 Lunder Hill,Kirkton,Scotland,KW10 6RB,0951 488 7881
Thoughtbeat,Tools,462 7th Alley,Norton,England,NN11 0GB,0318 121 8006
DabZ,Toys,271 Sage Place,Church End,England,N3 1AA,0204 686 0032
Yakijo,Shoes,26310 Victoria Junction,Leeds,England,LS6 1AD,0586 722 3525
Zoozzy,Jewelery,40550 Melody Lane,Dean,England,OX7 3AA,0540 776 4394
Ntag,Outdoors,49 Montana Court,London,England,EC1V 0AJ,0847 515 0080
Ailane,Computers,8638 Brickson Park Terrace,Brampton,England,NR34 0AB,0603 566 9279
Talane,Music,97 Susan Park,Upton,England,DN21 1AD,0757 917 1325
Lazzy,Games,5 Old Gate Center,London,England,SW1E 5BA,0369 616 6275
Skaboo,Automotive,93618 John Wall Road,Belfast,Northern Ireland,BT20 3AF,0513 573 3580
Voolith,Garden,10 Basil Parkway,Linton,England,BD23 1AD,0735 274 9743
Bluejam,Clothing,61899 Northridge Road,Ford,England,GL5 4GA,0885 248 0098
Youtags,Shoes,0735 Forest Place,London,England,EC3M 1AA,0275 410 2565
Brainverse,Health,801 Shopko Parkway,Weston,England,GU32 1AE,0864 491 4105
Eire,Computers,4 Calypso Trail,Pentre,Wales,SY4 1AB,0658 173 2494
Roomm,Games,72 Tomscot Road,Upton,England,DN21 1AH,0899 715 4070
Yozio,Sports,69 Charing Cross Circle,Upton,England,WF9 1WP,0195 817 7096
Yodoo,Home,80405 Arkansas Circle,Charlton,England,OX12 0AB,0212 846 9534
Flashset,Beauty,02 Golf Course Point,Kirkton,Scotland,KW10 6RB,0811 739 9988
Oodoo,Toys,9110 Havey Circle,Halton,England,LS9 0AE,0513 213 6316
Realpoint,Automotive,29471 Kennedy Road,Merton,England,SW19 1ZW,0461 807 4332
Teklist,Kids,266 Claremont Point,London,England,WC2A 1AF,0475 430 3008
Browseblab,Health,119 Hagan Point,Newton,England,NG34 0XD,0645 294 6977
Viva,Kids,4524 Del Sol Center,Kingston,England,DT10 1ZX,0692 798 3802
Topiclounge,Tools,66 Bunker Hill Place,Seaton,England,LE15 0AW,0992 907 5888
Mymm,Kids,853 Cascade Center,West End,England,DN36 4AF,0534 288 9855
Fatz,Books,25 Dakota Drive,London,England,W1F 0AH,0259 650 9145
Blognation,Industrial,585 Petterle Terrace,Linton,England,BD23 1AD,0659 520 0930
Janyx,Sports,687 Park Meadow Terrace,London,England,WC1B 3AD,0621 500 5018
Thoughtbridge,Outdoors,2 Emmet Alley,London,England,EC3M 1AA,0631 447 2255
Pixonyx,Baby,804 Vera Terrace,West End,England,DN36 4AF,0754 613 1824
Ooba,Health,9827 Homewood Center,Newton,England,NG34 0AB,0422 819 4339
Meeveo,Movies,9228 International Plaza,Kirkton,Scotland,KW10 6RF,0304 176 5977
Topicshots,Shoes,666 Sommers Pass,Norton,England,S8 0FA,0909 447 0860
Tambee,Grocery,8786 Cherokee Trail,Kirkton,Scotland,KW10 6RB,0128 943 8980
Dabtype,Automotive,754 Evergreen Street,Whitchurch,England,BS14 0AA,0179 421 9352
Pixoboo,Beauty,7 Hagan Alley,Upton,England,WF9 1QA,0194 909 7187
Skiba,Music,56 Mayer Plaza,Aberdeen,Scotland,AB39 2AA,0282 883 8793
Meeveo,Books,8 Cordelia Crossing,Ashley,England,SN13 0AG,0380 906 2838
Roomm,Movies,73 Oak Valley Hill,Carlton,England,DL8 1AB,0149 236 5224
Fivechat,Grocery,8976 Shasta Circle,Halton,England,LS9 0AF,0333 587 2684
Thoughtworks,Computers,376 Bluejay Junction,Liverpool,England,L74 4AG,0235 772 7867
Plajo,Toys,7962 Walton Park,Newtown,England,RG20 0AD,0146 210 8394
Flipstorm,Baby,57 Gina Court,Pentre,Wales,SY4 1AB,0909 494 8961
Jabbersphere,Outdoors,3009 Sage Avenue,Wootton,England,NN4 0LY,0456 860 9855
Twinte,Automotive,8 Anzinger Circle,Newton,Scotland,IV10 8AB,0910 218 2115
Skinte,Jewelery,31 Bluejay Park,Swindon,England,SN1 1DG,0167 732 8639
Zoozzy,Baby,7389 Michigan Court,Dean,England,OX7 3AE,0593 991 1643
Kare,Kids,2403 Alpine Park,Wirral,England,CH48 0QG,0398 348 8804
Yacero,Beauty,069 Thierer Park,Burnside,Scotland,EH52 5WX,0600 441 0120
Feedfire,Games,1154 Tomscot Trail,Seaton,England,LE15 0ZZ,0511 386 2963
Flipbug,Grocery,198 Golf View Center,Aston,England,TF6 5AD,0809 966 4719
Skyvu,Clothing,63613 Veith Street,East End,England,BH21 1AJ,0204 607 2142
LiveZ,Home,4674 Burrows Hill,East End,England,BH21 1AF,0778 950 7613
Meejo,Electronics,27 Lukken Trail,Ford,England,GL5 4GA,0708 765 6787
Twitterbeat,Industrial,6 Mockingbird Parkway,Seaton,England,LE15 0BG,0527 742 6951
Devpoint,Baby,3 Summit Road,Kirkton,Scotland,KW10 6RF,0812 822 3703
Skibox,Books,80898 7th Lane,Liverpool,England,L74 4AG,0913 753 4321
Wordtune,Jewelery,289 Hayes Place,Brampton,England,NR34 0FR,0764 848 7334
Demizz,Tools,964 Waxwing Court,Whitwell,England,DL10 4AB,0714 429 7264
Miboo,Electronics,89715 Cody Point,Swindon,England,SN10 1GA,0430 100 4576
Mymm,Automotive,76159 Veith Court,London,England,EC1V 0AJ,0513 692 3313
Eidel,Industrial,978 Armistice Park,Craigavon,Northern Ireland,BT66 6WG,0404 627 2034
Vitz,Garden,1 Summerview Road,Newton,England,NG34 0AB,0291 326 5457
Flashspan,Jewelery,92036 Scofield Court,Aberdeen,Scotland,AB39 2ZH,521 845 8089
Voolia,Books,3 Arkansas Hill,Birmingham,England,B40 1PA,0734 545 7749
Midel,Outdoors,35038 Hazelcrest Circle,Newbiggin,England,NE46 1AJ,0762 825 1786
Yakijo,Music,4 Gina Terrace,Sutton,England,RH5 4AF,0352 174 8960
Kimia,Electronics,61 Lindbergh Street,Birmingham,England,B40 1NT,0862 535 3144
Podcat,Baby,4139 Banding Hill,Thorpe,England,BD23 1AA,0693 773 5997
Yakijo,Industrial,41298 Memorial Lane,Weston,England,GU32 1YP,0346 684 4062
Yombu,Movies,63 Bluestem Point,London,England,EC1V 0AJ,0895 967 2897
Wikibox,Electronics,19527 Anderson Plaza,Whitwell,England,DL10 4AF,0229 689 9179
Vipe,Toys,18 Garrison Center,London,England,EC1V 0AG,0795 178 2746
Eimbee,Toys,03 Old Shore Trail,Norton,England,NN11 0GB,0361 836 3475
Voonix,Kids,5124 Continental Trail,Newton,Scotland,IV10 8AA,0902 797 9644
Eayo,Movies,82679 Hooker Plaza,Normanton,England,LE15 0BG,0857 510 4069
Realcube,Games,0926 Rigney Plaza,Milton,Scotland,AB56 1YA,0950 300 3038
Dynabox,Home,8 Old Shore Center,Stapleford,England,LN6 0AD,0359 165 3753
Twinte,Electronics,670 Moose Park,Milton,Scotland,AB56 1AA,0718 856 9778
Dabtype,Baby,64428 Lake View Place,Pentre,Wales,SY4 1AA,0659 430 7066
Tazz,Beauty,76 Manitowish Terrace,London,England,EC3M 2RY,0403 819 5627
Aibox,Industrial,798 Vermont Way,Buckland,England,CT16 1AJ,0144 693 5001
Vidoo,Sports,4129 Oak Center,Denton,England,M34 0AG,0109 699 5893
Dynazzy,Kids,2 La Follette Road,Birmingham,England,B40 1NT,0123 473 8784
Devpoint,Jewelery,7 Fairfield Park,Burnside,Scotland,EH52 5AA,0558 143 6911
Vipe,Grocery,42 Longview Center,Twyford,England,LE14 2FA,0529 327 1563
Camido,Home,19 Arrowood Park,Normanton,England,LE15 0BG,0126 290 6641
Divavu,Jewelery,56316 Anderson Road,Birmingham,England,B40 1NT,0957 844 1467
Shufflester,Electronics,1607 Farragut Center,Normanton,England,LE15 0AW,0456 338 5430
Jabberstorm,Industrial,17420 Debs Pass,Sheffield,England,S33 0AB,0498 336 3864
Browsebug,Shoes,312 Superior Junction,Stapleford,England,LN6 0AD,0761 544 7604
